{"initial_reset_timestamp": 1648214864.708942, "timestamps": [1648214868.5323515, 1648214878.1471105, 1648214882.7134347, 1648214886.1950147, 1648214893.6580842], "episode_lengths": [112, 275, 125, 92, 211], "episode_rewards": [-144.40811844195517, 154.92744927066974, 11.373362181896567, -83.22600943296618, -303.2317780591612], "episode_types": ["t", "t", "t", "t", "t", "t"]}